,Provider,city,date,offset,Air Temperature,Max Air Temp,Min Air Temp,Precipitation
0,accuweather,berlin,2015-06-21 00:00:00,0,,-0.4,-1.92222222222,2.67
0,accuweather,berlin,2015-06-21 00:00:00,1,,1.26666666667,0.3,2.62
0,accuweather,berlin,2015-06-21 00:00:00,2,,1.82222222222,-0.255555555556,2.7
0,accuweather,berlin,2015-06-21 00:00:00,3,,2.37777777778,-0.255555555556,2.7
0,accuweather,berlin,2015-06-21 00:00:00,4,,1.82222222222,0.3,2.62
0,accuweather,berlin,2015-06-21 00:00:00,5,,0.155555555556,-0.255555555556,2.6
0,accuweather,berlin,2015-06-21 00:00:00,6,,-0.955555555556,-0.255555555556,2.53
0,openweathermap,berlin,2015-06-21 00:00:00,0,-2.1,3.3,-0.93,-2.3
0,openweathermap,berlin,2015-06-21 00:00:00,1,-0.03,4.56,-1.2,-1.14
0,openweathermap,berlin,2015-06-21 00:00:00,2,0.76,3.63,-0.91,0.99
0,openweathermap,berlin,2015-06-21 00:00:00,3,0.13,4.27,-1.53,2.43
0,openweathermap,berlin,2015-06-21 00:00:00,4,-1.17,3.28,0.57,1.34
0,openweathermap,berlin,2015-06-21 00:00:00,5,-0.75,4.65,-0.66,-3.06
0,openweathermap,berlin,2015-06-21 00:00:00,6,-2.32,3.08,-2.38,0.27
0,weatherdotcom,berlin,2015-06-21 00:00:00,0,2.2,,,
0,weatherdotcom,berlin,2015-06-21 00:00:00,1,-5.8,,,
0,weatherdotcom,berlin,2015-06-21 00:00:00,2,-4.8,,,
0,weatherdotcom,berlin,2015-06-21 00:00:00,3,-3.8,,,
0,weatherdotcom,berlin,2015-06-21 00:00:00,4,-0.8,,,
0,weatherdotcom,berlin,2015-06-21 00:00:00,5,-5.8,,,
0,weatherdotcom,berlin,2015-06-21 00:00:00,6,-8.8,,,
0,accuweather,berlin,2015-06-22 00:00:00,0,,-0.588888888889,1.08888888889,2.68
0,accuweather,berlin,2015-06-22 00:00:00,1,,-1.7,-0.0222222222222,2.55
0,accuweather,berlin,2015-06-22 00:00:00,2,,-1.7,-0.0222222222222,2.43
0,accuweather,berlin,2015-06-22 00:00:00,3,,0.522222222222,1.64444444444,2.8
0,accuweather,berlin,2015-06-22 00:00:00,4,,1.07777777778,2.2,2.7
0,accuweather,berlin,2015-06-22 00:00:00,5,,0.522222222222,2.2,2.82
0,accuweather,berlin,2015-06-22 00:00:00,6,,1.63333333333,2.2,2.9
0,openweathermap,berlin,2015-06-22 00:00:00,0,-2.11,1.25,0.21,-0.77
0,openweathermap,berlin,2015-06-22 00:00:00,1,-4.17,-0.07,0.23,2.9
0,openweathermap,berlin,2015-06-22 00:00:00,2,-3.52,0.36,-0.33,2.7
0,openweathermap,berlin,2015-06-22 00:00:00,3,-2.52,-0.07,-0.24,2.9
0,openweathermap,berlin,2015-06-22 00:00:00,4,-4.2,-0.9,1.79,2.9
0,openweathermap,berlin,2015-06-22 00:00:00,5,-2.97,1.13,0.95,-6.43
0,openweathermap,berlin,2015-06-22 00:00:00,6,-0.97,2.14,1.7,-1.02
0,weatherdotcom,berlin,2015-06-22 00:00:00,0,0.2,,,
0,weatherdotcom,berlin,2015-06-22 00:00:00,1,-4.8,,,
0,weatherdotcom,berlin,2015-06-22 00:00:00,2,-3.8,,,
0,weatherdotcom,berlin,2015-06-22 00:00:00,3,-0.8,,,
0,weatherdotcom,berlin,2015-06-22 00:00:00,4,-7.8,,,
0,weatherdotcom,berlin,2015-06-22 00:00:00,5,-5.8,,,
0,weatherdotcom,berlin,2015-06-22 00:00:00,6,-7.8,,,
0,accuweather,berlin,2015-06-23 00:00:00,0,,-3.81111111111,-0.555555555556,11.1
0,accuweather,berlin,2015-06-23 00:00:00,1,,-6.58888888889,-1.11111111111,10.96
0,accuweather,berlin,2015-06-23 00:00:00,2,,-7.14444444444,-1.11111111111,11.2
0,accuweather,berlin,2015-06-23 00:00:00,3,,-7.7,-2.22222222222,10.97
0,accuweather,berlin,2015-06-23 00:00:00,4,,-6.58888888889,-1.11111111111,11.22
0,accuweather,berlin,2015-06-23 00:00:00,5,,-4.92222222222,0.0,11.21
0,accuweather,berlin,2015-06-23 00:00:00,6,,-5.47777777778,-0.555555555556,11.3
0,openweathermap,berlin,2015-06-23 00:00:00,0,-5.88,-5.08,-1.72,4.37
0,openweathermap,berlin,2015-06-23 00:00:00,1,-5.26,-4.46,-1.35,-0.83
0,openweathermap,berlin,2015-06-23 00:00:00,2,-4.36,-4.95,-1.61,1.63
0,openweathermap,berlin,2015-06-23 00:00:00,3,-6.55,-5.75,-2.24,9.71
0,openweathermap,berlin,2015-06-23 00:00:00,4,-8.58,-7.78,-4.02,5.32
0,openweathermap,berlin,2015-06-23 00:00:00,5,-11.79,-10.99,-6.4,10.43
0,openweathermap,berlin,2015-06-23 00:00:00,6,-7.97,-7.17,-4.45,10.35
0,weatherdotcom,berlin,2015-06-23 00:00:00,0,-0.5,,,
0,weatherdotcom,berlin,2015-06-23 00:00:00,1,-2.5,,,
0,weatherdotcom,berlin,2015-06-23 00:00:00,2,-4.5,,,
0,weatherdotcom,berlin,2015-06-23 00:00:00,3,-11.5,,,
0,weatherdotcom,berlin,2015-06-23 00:00:00,4,-10.5,,,
0,weatherdotcom,berlin,2015-06-23 00:00:00,5,-10.5,,,
0,weatherdotcom,berlin,2015-06-23 00:00:00,6,-10.5,,,
0,accuweather,berlin,2015-06-24 00:00:00,0,,0.0888888888889,0.2,0.18
0,accuweather,berlin,2015-06-24 00:00:00,1,,0.0888888888889,-0.355555555556,0.17
0,accuweather,berlin,2015-06-24 00:00:00,2,,-1.57777777778,-0.355555555556,0.16
0,accuweather,berlin,2015-06-24 00:00:00,3,,-3.24444444444,-0.911111111111,0.12
0,accuweather,berlin,2015-06-24 00:00:00,4,,-3.24444444444,-0.355555555556,0.2
0,accuweather,berlin,2015-06-24 00:00:00,5,,-2.68888888889,-0.911111111111,0.2
0,accuweather,berlin,2015-06-24 00:00:00,6,,-2.68888888889,-0.911111111111,0.2
0,openweathermap,berlin,2015-06-24 00:00:00,0,-0.89,2.04,0.53,-3.57
0,openweathermap,berlin,2015-06-24 00:00:00,1,-0.37,3.23,0.08,-1.54
0,openweathermap,berlin,2015-06-24 00:00:00,2,-0.95,2.14,-0.72,-0.47
0,openweathermap,berlin,2015-06-24 00:00:00,3,0.3,2.74,0.1,-4.08
0,openweathermap,berlin,2015-06-24 00:00:00,4,0.72,3.36,-0.55,-28.26
0,openweathermap,berlin,2015-06-24 00:00:00,5,-3.29,0.31,-1.21,-5.25
0,openweathermap,berlin,2015-06-24 00:00:00,6,-13.9,-10.3,-5.41,-9.4
0,weatherdotcom,berlin,2015-06-24 00:00:00,0,2.6,,,
0,weatherdotcom,berlin,2015-06-24 00:00:00,1,-2.4,,,
0,weatherdotcom,berlin,2015-06-24 00:00:00,2,-9.4,,,
0,weatherdotcom,berlin,2015-06-24 00:00:00,3,-9.4,,,
0,weatherdotcom,berlin,2015-06-24 00:00:00,4,-9.4,,,
0,weatherdotcom,berlin,2015-06-24 00:00:00,5,-8.4,,,
0,weatherdotcom,berlin,2015-06-24 00:00:00,6,-9.4,,,
0,accuweather,berlin,2015-06-25 00:00:00,0,,2.74444444444,-1.77777777778,-0.04
0,accuweather,berlin,2015-06-25 00:00:00,1,,7.18888888889,1.0,-0.03
0,accuweather,berlin,2015-06-25 00:00:00,2,,6.07777777778,-0.666666666667,-0.02
0,accuweather,berlin,2015-06-25 00:00:00,3,,5.52222222222,0.444444444444,-0.05
0,accuweather,berlin,2015-06-25 00:00:00,4,,6.07777777778,1.0,0.0
0,accuweather,berlin,2015-06-25 00:00:00,5,,3.85555555556,0.444444444444,0.0
0,accuweather,berlin,2015-06-25 00:00:00,6,,1.63333333333,-0.666666666667,0.0
0,openweathermap,berlin,2015-06-25 00:00:00,0,4.44,10.54,-1.04,0.0
0,openweathermap,berlin,2015-06-25 00:00:00,1,1.12,6.35,-0.48,-0.2
0,openweathermap,berlin,2015-06-25 00:00:00,2,1.93,7.62,0.21,-0.62
0,openweathermap,berlin,2015-06-25 00:00:00,3,1.74,7.72,2.2,0.0
0,openweathermap,berlin,2015-06-25 00:00:00,4,1.57,7.03,1.92,-1.85
0,openweathermap,berlin,2015-06-25 00:00:00,5,-1.64,3.93,0.38,-0.5
0,openweathermap,berlin,2015-06-25 00:00:00,6,-0.45,5.52,0.35,-1.55
0,weatherdotcom,berlin,2015-06-25 00:00:00,0,5.2,,,
0,weatherdotcom,berlin,2015-06-25 00:00:00,1,-5.8,,,
0,weatherdotcom,berlin,2015-06-25 00:00:00,2,-4.8,,,
0,weatherdotcom,berlin,2015-06-25 00:00:00,3,-4.8,,,
0,weatherdotcom,berlin,2015-06-25 00:00:00,4,-2.8,,,
0,weatherdotcom,berlin,2015-06-25 00:00:00,5,-4.8,,,
0,weatherdotcom,berlin,2015-06-25 00:00:00,6,-5.8,,,
0,accuweather,berlin,2015-06-26 00:00:00,0,,1.23333333333,-2.14444444444,-0.06
0,accuweather,berlin,2015-06-26 00:00:00,1,,2.34444444444,-0.477777777778,-0.02
0,accuweather,berlin,2015-06-26 00:00:00,2,,1.23333333333,-1.03333333333,-0.11
0,accuweather,berlin,2015-06-26 00:00:00,3,,5.67777777778,0.633333333333,-0.05
0,accuweather,berlin,2015-06-26 00:00:00,4,,6.23333333333,3.41111111111,-0.11
0,accuweather,berlin,2015-06-26 00:00:00,5,,5.67777777778,2.3,-0.17
0,accuweather,berlin,2015-06-26 00:00:00,6,,5.12222222222,1.74444444444,-0.71
0,openweathermap,berlin,2015-06-26 00:00:00,0,-1.98,2.82,-0.86,-0.4
0,openweathermap,berlin,2015-06-26 00:00:00,1,1.35,5.05,-1.35,-0.22
0,openweathermap,berlin,2015-06-26 00:00:00,2,-0.52,4.28,-1.72,-1.44
0,openweathermap,berlin,2015-06-26 00:00:00,3,-0.27,2.68,-1.63,-1.51
0,openweathermap,berlin,2015-06-26 00:00:00,4,2.36,7.16,3.93,-1.23
0,openweathermap,berlin,2015-06-26 00:00:00,5,0.14,4.94,1.01,-0.54
0,openweathermap,berlin,2015-06-26 00:00:00,6,-3.6,1.2,-0.94,-0.48
0,weatherdotcom,berlin,2015-06-26 00:00:00,0,4.1,,,
0,weatherdotcom,berlin,2015-06-26 00:00:00,1,-4.9,,,
0,weatherdotcom,berlin,2015-06-26 00:00:00,2,-3.9,,,
0,weatherdotcom,berlin,2015-06-26 00:00:00,3,-6.9,,,
0,weatherdotcom,berlin,2015-06-26 00:00:00,4,-6.9,,,
0,weatherdotcom,berlin,2015-06-26 00:00:00,5,-8.9,,,
0,weatherdotcom,berlin,2015-06-26 00:00:00,6,-13.9,,,
0,accuweather,hamburg,2015-06-21 00:00:00,0,,0.766666666667,0.0111111111111,7.45
0,accuweather,hamburg,2015-06-21 00:00:00,1,,1.32222222222,1.67777777778,7.52
0,accuweather,hamburg,2015-06-21 00:00:00,2,,1.87777777778,1.12222222222,7.57
0,accuweather,hamburg,2015-06-21 00:00:00,3,,3.54444444444,0.0111111111111,7.57
0,accuweather,hamburg,2015-06-21 00:00:00,4,,3.54444444444,0.0111111111111,7.49
0,accuweather,hamburg,2015-06-21 00:00:00,5,,2.98888888889,-0.544444444444,7.58
0,accuweather,hamburg,2015-06-21 00:00:00,6,,1.32222222222,-0.544444444444,7.15
0,openweathermap,hamburg,2015-06-21 00:00:00,0,-1.95,2.95,-0.98,2.33
0,openweathermap,hamburg,2015-06-21 00:00:00,1,-2.38,2.52,-0.27,6.36
0,openweathermap,hamburg,2015-06-21 00:00:00,2,-1.09,3.28,0.3,7.6
0,openweathermap,hamburg,2015-06-21 00:00:00,3,-1.27,3.3,-2.62,7.6
0,openweathermap,hamburg,2015-06-21 00:00:00,4,-1.27,2.78,-3.84,2.02
0,openweathermap,hamburg,2015-06-21 00:00:00,5,-0.7,4.2,-2.96,3.51
0,openweathermap,hamburg,2015-06-21 00:00:00,6,-0.42,4.48,-3.28,1.93
0,weatherdotcom,hamburg,2015-06-21 00:00:00,0,6.2,,,
0,weatherdotcom,hamburg,2015-06-21 00:00:00,1,-4.8,,,
0,weatherdotcom,hamburg,2015-06-21 00:00:00,2,-2.8,,,
0,weatherdotcom,hamburg,2015-06-21 00:00:00,3,-3.8,,,
0,weatherdotcom,hamburg,2015-06-21 00:00:00,4,0.2,,,
0,weatherdotcom,hamburg,2015-06-21 00:00:00,5,-2.8,,,
0,weatherdotcom,hamburg,2015-06-21 00:00:00,6,-7.8,,,
0,accuweather,hamburg,2015-06-22 00:00:00,0,,-1.46666666667,1.56666666667,6.89
0,accuweather,hamburg,2015-06-22 00:00:00,1,,-3.13333333333,1.01111111111,6.97
0,accuweather,hamburg,2015-06-22 00:00:00,2,,-3.13333333333,1.01111111111,6.9
0,accuweather,hamburg,2015-06-22 00:00:00,3,,-2.02222222222,2.12222222222,7.04
0,accuweather,hamburg,2015-06-22 00:00:00,4,,-1.46666666667,1.01111111111,7.03
0,accuweather,hamburg,2015-06-22 00:00:00,5,,-0.355555555556,1.01111111111,7.11
0,accuweather,hamburg,2015-06-22 00:00:00,6,,-0.355555555556,0.455555555556,7.2
0,openweathermap,hamburg,2015-06-22 00:00:00,0,-4.56,-1.16,-1.84,1.01
0,openweathermap,hamburg,2015-06-22 00:00:00,1,-3.67,-0.75,-1.7,6.41
0,openweathermap,hamburg,2015-06-22 00:00:00,2,-3.67,-0.79,1.88,7.2
0,openweathermap,hamburg,2015-06-22 00:00:00,3,-3.97,-2.67,-1.44,3.22
0,openweathermap,hamburg,2015-06-22 00:00:00,4,-8.22,-4.82,-2.15,6.03
0,openweathermap,hamburg,2015-06-22 00:00:00,5,-8.22,-4.82,-2.15,6.03
0,openweathermap,hamburg,2015-06-22 00:00:00,6,-4.37,-0.97,-0.75,6.41
0,weatherdotcom,hamburg,2015-06-22 00:00:00,0,-0.2,,,
0,weatherdotcom,hamburg,2015-06-22 00:00:00,1,-4.2,,,
0,weatherdotcom,hamburg,2015-06-22 00:00:00,2,-6.2,,,
0,weatherdotcom,hamburg,2015-06-22 00:00:00,3,-3.2,,,
0,weatherdotcom,hamburg,2015-06-22 00:00:00,4,-8.2,,,
0,weatherdotcom,hamburg,2015-06-22 00:00:00,5,-8.2,,,
0,weatherdotcom,hamburg,2015-06-22 00:00:00,6,-7.2,,,
0,accuweather,hamburg,2015-06-23 00:00:00,0,,0.377777777778,0.655555555556,-0.02
0,accuweather,hamburg,2015-06-23 00:00:00,1,,0.933333333333,1.76666666667,0.0
0,accuweather,hamburg,2015-06-23 00:00:00,2,,0.933333333333,2.32222222222,-0.03
0,accuweather,hamburg,2015-06-23 00:00:00,3,,-0.733333333333,1.21111111111,-0.06
0,accuweather,hamburg,2015-06-23 00:00:00,4,,-0.733333333333,1.21111111111,0.02
0,accuweather,hamburg,2015-06-23 00:00:00,5,,0.933333333333,1.21111111111,0.03
0,accuweather,hamburg,2015-06-23 00:00:00,6,,1.48888888889,1.21111111111,0.1
0,openweathermap,hamburg,2015-06-23 00:00:00,0,-1.08,3.12,-0.37,-9.62
0,openweathermap,hamburg,2015-06-23 00:00:00,1,-1.06,3.09,0.3,-10.28
0,openweathermap,hamburg,2015-06-23 00:00:00,2,0.24,3.55,0.39,-1.62
0,openweathermap,hamburg,2015-06-23 00:00:00,3,-2.4,1.8,0.01,-1.81
0,openweathermap,hamburg,2015-06-23 00:00:00,4,-4.08,0.12,-2.07,-6.28
0,openweathermap,hamburg,2015-06-23 00:00:00,5,-3.97,0.23,-2.07,-1.09
0,openweathermap,hamburg,2015-06-23 00:00:00,6,-3.97,0.23,-2.07,-1.09
0,weatherdotcom,hamburg,2015-06-23 00:00:00,0,3.4,,,
0,weatherdotcom,hamburg,2015-06-23 00:00:00,1,-2.6,,,
0,weatherdotcom,hamburg,2015-06-23 00:00:00,2,-8.6,,,
0,weatherdotcom,hamburg,2015-06-23 00:00:00,3,-7.6,,,
0,weatherdotcom,hamburg,2015-06-23 00:00:00,4,-5.6,,,
0,weatherdotcom,hamburg,2015-06-23 00:00:00,5,-7.6,,,
0,weatherdotcom,hamburg,2015-06-23 00:00:00,6,-8.6,,,
0,accuweather,hamburg,2015-06-24 00:00:00,0,,0.888888888889,0.9,-0.02
0,accuweather,hamburg,2015-06-24 00:00:00,1,,-0.222222222222,1.45555555556,-0.05
0,accuweather,hamburg,2015-06-24 00:00:00,2,,0.333333333333,2.01111111111,-0.04
0,accuweather,hamburg,2015-06-24 00:00:00,3,,0.333333333333,3.12222222222,0.0
0,accuweather,hamburg,2015-06-24 00:00:00,4,,-0.222222222222,2.56666666667,0.0
0,accuweather,hamburg,2015-06-24 00:00:00,5,,-1.33333333333,2.01111111111,0.0
0,accuweather,hamburg,2015-06-24 00:00:00,6,,-1.33333333333,1.45555555556,0.0
0,openweathermap,hamburg,2015-06-24 00:00:00,0,-1.74,1.14,0.03,-3.44
0,openweathermap,hamburg,2015-06-24 00:00:00,1,-1.02,2.31,0.39,-2.66
0,openweathermap,hamburg,2015-06-24 00:00:00,2,-0.6,2.84,-0.02,-0.8
0,openweathermap,hamburg,2015-06-24 00:00:00,3,-2.0,1.6,-0.65,0.0
0,openweathermap,hamburg,2015-06-24 00:00:00,4,-1.83,1.71,-1.05,-0.47
0,openweathermap,hamburg,2015-06-24 00:00:00,5,-1.39,2.21,-0.16,-1.62
0,openweathermap,hamburg,2015-06-24 00:00:00,6,-2.11,1.49,-0.89,-1.75
0,weatherdotcom,hamburg,2015-06-24 00:00:00,0,2.4,,,
0,weatherdotcom,hamburg,2015-06-24 00:00:00,1,-8.6,,,
0,weatherdotcom,hamburg,2015-06-24 00:00:00,2,-7.6,,,
0,weatherdotcom,hamburg,2015-06-24 00:00:00,3,-6.6,,,
0,weatherdotcom,hamburg,2015-06-24 00:00:00,4,-5.6,,,
0,weatherdotcom,hamburg,2015-06-24 00:00:00,5,-6.6,,,
0,weatherdotcom,hamburg,2015-06-24 00:00:00,6,-9.6,,,
0,accuweather,hamburg,2015-06-25 00:00:00,0,,1.48888888889,1.58888888889,-0.04
0,accuweather,hamburg,2015-06-25 00:00:00,1,,6.48888888889,2.7,-0.09
0,accuweather,hamburg,2015-06-25 00:00:00,2,,6.48888888889,3.25555555556,-0.17
0,accuweather,hamburg,2015-06-25 00:00:00,3,,5.93333333333,3.81111111111,-0.12
0,accuweather,hamburg,2015-06-25 00:00:00,4,,5.93333333333,3.81111111111,0.0
0,accuweather,hamburg,2015-06-25 00:00:00,5,,5.37777777778,4.36666666667,0.0
0,accuweather,hamburg,2015-06-25 00:00:00,6,,5.37777777778,4.36666666667,0.0
0,openweathermap,hamburg,2015-06-25 00:00:00,0,1.61,7.31,1.26,-3.96
0,openweathermap,hamburg,2015-06-25 00:00:00,1,2.12,6.95,1.92,-0.23
0,openweathermap,hamburg,2015-06-25 00:00:00,2,2.13,6.82,3.56,0.0
0,openweathermap,hamburg,2015-06-25 00:00:00,3,2.24,7.62,4.55,0.0
0,openweathermap,hamburg,2015-06-25 00:00:00,4,1.22,6.92,3.62,-1.07
0,openweathermap,hamburg,2015-06-25 00:00:00,5,-0.14,5.38,1.17,-3.34
0,openweathermap,hamburg,2015-06-25 00:00:00,6,0.65,6.35,1.4,-2.23
0,weatherdotcom,hamburg,2015-06-25 00:00:00,0,4.9,,,
0,weatherdotcom,hamburg,2015-06-25 00:00:00,1,-4.1,,,
0,weatherdotcom,hamburg,2015-06-25 00:00:00,2,-4.1,,,
0,weatherdotcom,hamburg,2015-06-25 00:00:00,3,-4.1,,,
0,weatherdotcom,hamburg,2015-06-25 00:00:00,4,-5.1,,,
0,weatherdotcom,hamburg,2015-06-25 00:00:00,5,-7.1,,,
0,weatherdotcom,hamburg,2015-06-25 00:00:00,6,-9.1,,,
0,accuweather,hamburg,2015-06-26 00:00:00,0,,1.04444444444,-0.133333333333,-0.04
0,accuweather,hamburg,2015-06-26 00:00:00,1,,0.488888888889,2.08888888889,-0.07
0,accuweather,hamburg,2015-06-26 00:00:00,2,,1.6,3.2,-0.23
0,accuweather,hamburg,2015-06-26 00:00:00,3,,5.48888888889,3.75555555556,-0.06
0,accuweather,hamburg,2015-06-26 00:00:00,4,,6.6,5.97777777778,-0.08
0,accuweather,hamburg,2015-06-26 00:00:00,5,,4.93333333333,4.31111111111,-0.04
0,accuweather,hamburg,2015-06-26 00:00:00,6,,4.93333333333,4.31111111111,0.0
0,openweathermap,hamburg,2015-06-26 00:00:00,0,-0.43,2.93,0.57,-0.85
0,openweathermap,hamburg,2015-06-26 00:00:00,1,0.43,2.61,0.88,-0.69
0,openweathermap,hamburg,2015-06-26 00:00:00,2,-0.47,3.22,0.91,-0.42
0,openweathermap,hamburg,2015-06-26 00:00:00,3,-1.37,2.33,0.67,0.0
0,openweathermap,hamburg,2015-06-26 00:00:00,4,3.36,7.06,5.43,-0.86
0,openweathermap,hamburg,2015-06-26 00:00:00,5,1.29,4.99,1.71,-0.24
0,openweathermap,hamburg,2015-06-26 00:00:00,6,-1.6,2.1,2.11,-0.44
0,weatherdotcom,hamburg,2015-06-26 00:00:00,0,3.9,,,
0,weatherdotcom,hamburg,2015-06-26 00:00:00,1,-5.1,,,
0,weatherdotcom,hamburg,2015-06-26 00:00:00,2,-4.1,,,
0,weatherdotcom,hamburg,2015-06-26 00:00:00,3,-6.1,,,
0,weatherdotcom,hamburg,2015-06-26 00:00:00,4,-7.1,,,
0,weatherdotcom,hamburg,2015-06-26 00:00:00,5,-10.1,,,
0,weatherdotcom,hamburg,2015-06-26 00:00:00,6,-12.1,,,
0,accuweather,bremen,2015-06-21 00:00:00,0,,-0.0444444444444,-0.388888888889,0.93
0,accuweather,bremen,2015-06-21 00:00:00,1,,2.17777777778,1.27777777778,0.94
0,accuweather,bremen,2015-06-21 00:00:00,2,,2.17777777778,0.722222222222,0.99
0,accuweather,bremen,2015-06-21 00:00:00,3,,3.84444444444,-0.944444444444,0.98
0,accuweather,bremen,2015-06-21 00:00:00,4,,3.84444444444,-0.944444444444,1.08
0,accuweather,bremen,2015-06-21 00:00:00,5,,3.28888888889,-1.5,1.06
0,accuweather,bremen,2015-06-21 00:00:00,6,,1.06666666667,-0.944444444444,0.82
0,openweathermap,bremen,2015-06-21 00:00:00,0,-0.9,4.32,-1.58,-3.56
0,openweathermap,bremen,2015-06-21 00:00:00,1,-1.33,3.16,-0.77,1.1
0,openweathermap,bremen,2015-06-21 00:00:00,2,-1.19,3.98,-2.45,1.1
0,openweathermap,bremen,2015-06-21 00:00:00,3,-0.47,3.85,-0.37,0.46
0,openweathermap,bremen,2015-06-21 00:00:00,4,0.94,4.72,-2.39,0.0
0,openweathermap,bremen,2015-06-21 00:00:00,5,-0.8,4.5,-2.76,-1.21
0,openweathermap,bremen,2015-06-21 00:00:00,6,-0.97,4.33,-3.73,-3.56
0,weatherdotcom,bremen,2015-06-21 00:00:00,0,6.1,,,
0,weatherdotcom,bremen,2015-06-21 00:00:00,1,-4.9,,,
0,weatherdotcom,bremen,2015-06-21 00:00:00,2,-0.9,,,
0,weatherdotcom,bremen,2015-06-21 00:00:00,3,-2.9,,,
0,weatherdotcom,bremen,2015-06-21 00:00:00,4,-0.9,,,
0,weatherdotcom,bremen,2015-06-21 00:00:00,5,-4.9,,,
0,weatherdotcom,bremen,2015-06-21 00:00:00,6,-7.9,,,
0,accuweather,bremen,2015-06-22 00:00:00,0,,2.38888888889,0.866666666667,7.12
0,accuweather,bremen,2015-06-22 00:00:00,1,,-0.944444444444,0.311111111111,7.33
0,accuweather,bremen,2015-06-22 00:00:00,2,,-0.388888888889,-0.244444444444,7.1
0,accuweather,bremen,2015-06-22 00:00:00,3,,1.27777777778,1.42222222222,7.04
0,accuweather,bremen,2015-06-22 00:00:00,4,,1.83333333333,0.866666666667,7.42
0,accuweather,bremen,2015-06-22 00:00:00,5,,2.94444444444,-0.244444444444,7.35
0,accuweather,bremen,2015-06-22 00:00:00,6,,2.38888888889,-0.244444444444,7.5
0,openweathermap,bremen,2015-06-22 00:00:00,0,-5.36,1.54,-2.29,0.48
0,openweathermap,bremen,2015-06-22 00:00:00,1,-3.92,0.6,-2.65,6.04
0,openweathermap,bremen,2015-06-22 00:00:00,2,-4.72,1.02,-2.18,6.57
0,openweathermap,bremen,2015-06-22 00:00:00,3,-6.87,-0.42,-3.14,6.96
0,openweathermap,bremen,2015-06-22 00:00:00,4,-7.27,-0.37,-2.3,5.72
0,openweathermap,bremen,2015-06-22 00:00:00,5,-7.27,-0.37,-2.3,5.72
0,openweathermap,bremen,2015-06-22 00:00:00,6,-3.92,2.98,0.5,5.96
0,weatherdotcom,bremen,2015-06-22 00:00:00,0,1.6,,,
0,weatherdotcom,bremen,2015-06-22 00:00:00,1,-5.4,,,
0,weatherdotcom,bremen,2015-06-22 00:00:00,2,-5.4,,,
0,weatherdotcom,bremen,2015-06-22 00:00:00,3,-4.4,,,
0,weatherdotcom,bremen,2015-06-22 00:00:00,4,-9.4,,,
0,weatherdotcom,bremen,2015-06-22 00:00:00,5,-9.4,,,
0,weatherdotcom,bremen,2015-06-22 00:00:00,6,-8.4,,,
0,accuweather,bremen,2015-06-23 00:00:00,0,,0.633333333333,-0.4,1.2
0,accuweather,bremen,2015-06-23 00:00:00,1,,1.18888888889,1.26666666667,1.15
0,accuweather,bremen,2015-06-23 00:00:00,2,,1.18888888889,1.26666666667,1.2
0,accuweather,bremen,2015-06-23 00:00:00,3,,-1.58888888889,0.155555555556,1.13
0,accuweather,bremen,2015-06-23 00:00:00,4,,-2.14444444444,-0.955555555556,1.22
0,accuweather,bremen,2015-06-23 00:00:00,5,,0.633333333333,1.26666666667,1.24
0,accuweather,bremen,2015-06-23 00:00:00,6,,1.18888888889,0.155555555556,1.3
0,openweathermap,bremen,2015-06-23 00:00:00,0,-3.48,1.22,-0.87,-13.69
0,openweathermap,bremen,2015-06-23 00:00:00,1,-1.41,3.29,-0.03,-5.99
0,openweathermap,bremen,2015-06-23 00:00:00,2,-0.91,1.75,-0.61,-5.86
0,openweathermap,bremen,2015-06-23 00:00:00,3,-3.45,1.15,0.41,-0.02
0,openweathermap,bremen,2015-06-23 00:00:00,4,-4.68,0.02,-2.32,-5.33
0,openweathermap,bremen,2015-06-23 00:00:00,5,-4.67,0.03,-2.85,-0.61
0,openweathermap,bremen,2015-06-23 00:00:00,6,-4.67,0.03,-2.85,-0.61
0,weatherdotcom,bremen,2015-06-23 00:00:00,0,3.6,,,
0,weatherdotcom,bremen,2015-06-23 00:00:00,1,-5.4,,,
0,weatherdotcom,bremen,2015-06-23 00:00:00,2,-9.4,,,
0,weatherdotcom,bremen,2015-06-23 00:00:00,3,-8.4,,,
0,weatherdotcom,bremen,2015-06-23 00:00:00,4,-5.4,,,
0,weatherdotcom,bremen,2015-06-23 00:00:00,5,-8.4,,,
0,weatherdotcom,bremen,2015-06-23 00:00:00,6,-9.4,,,
0,accuweather,bremen,2015-06-24 00:00:00,0,,1.17777777778,0.144444444444,-0.01
0,accuweather,bremen,2015-06-24 00:00:00,1,,1.73333333333,0.7,-0.02
0,accuweather,bremen,2015-06-24 00:00:00,2,,2.28888888889,1.81111111111,-0.06
0,accuweather,bremen,2015-06-24 00:00:00,3,,2.28888888889,2.36666666667,0.0
0,accuweather,bremen,2015-06-24 00:00:00,4,,2.28888888889,1.81111111111,0.0
0,accuweather,bremen,2015-06-24 00:00:00,5,,-1.04444444444,0.144444444444,-0.02
0,accuweather,bremen,2015-06-24 00:00:00,6,,-0.488888888889,0.144444444444,0.0
0,openweathermap,bremen,2015-06-24 00:00:00,0,0.26,4.39,0.55,-9.88
0,openweathermap,bremen,2015-06-24 00:00:00,1,0.08,4.28,-0.26,-2.91
0,openweathermap,bremen,2015-06-24 00:00:00,2,-0.2,4.0,0.83,-1.28
0,openweathermap,bremen,2015-06-24 00:00:00,3,0.05,3.66,1.55,0.0
0,openweathermap,bremen,2015-06-24 00:00:00,4,-0.15,4.05,1.18,-8.51
0,openweathermap,bremen,2015-06-24 00:00:00,5,-0.59,3.61,1.09,-4.01
0,openweathermap,bremen,2015-06-24 00:00:00,6,-1.31,2.89,1.16,-2.6
0,weatherdotcom,bremen,2015-06-24 00:00:00,0,3.2,,,
0,weatherdotcom,bremen,2015-06-24 00:00:00,1,-2.8,,,
0,weatherdotcom,bremen,2015-06-24 00:00:00,2,-7.8,,,
0,weatherdotcom,bremen,2015-06-24 00:00:00,3,-6.8,,,
0,weatherdotcom,bremen,2015-06-24 00:00:00,4,-5.8,,,
0,weatherdotcom,bremen,2015-06-24 00:00:00,5,-4.8,,,
0,weatherdotcom,bremen,2015-06-24 00:00:00,6,-5.8,,,
0,accuweather,bremen,2015-06-25 00:00:00,0,,0.577777777778,-1.62222222222,-0.04
0,accuweather,bremen,2015-06-25 00:00:00,1,,5.57777777778,0.0444444444444,-0.02
0,accuweather,bremen,2015-06-25 00:00:00,2,,5.02222222222,0.0444444444444,-0.02
0,accuweather,bremen,2015-06-25 00:00:00,3,,6.68888888889,1.71111111111,-0.12
0,accuweather,bremen,2015-06-25 00:00:00,4,,6.68888888889,1.15555555556,0.0
0,accuweather,bremen,2015-06-25 00:00:00,5,,6.68888888889,1.71111111111,0.0
0,accuweather,bremen,2015-06-25 00:00:00,6,,5.02222222222,1.71111111111,0.0
0,openweathermap,bremen,2015-06-25 00:00:00,0,1.71,6.48,-0.43,-4.11
0,openweathermap,bremen,2015-06-25 00:00:00,1,1.47,6.25,-1.03,-0.26
0,openweathermap,bremen,2015-06-25 00:00:00,2,3.28,6.94,0.96,-0.34
0,openweathermap,bremen,2015-06-25 00:00:00,3,1.44,6.27,3.1,0.0
0,openweathermap,bremen,2015-06-25 00:00:00,4,0.77,6.07,1.07,-0.37
0,openweathermap,bremen,2015-06-25 00:00:00,5,0.01,4.08,-0.18,-2.58
0,openweathermap,bremen,2015-06-25 00:00:00,6,1.1,6.4,1.25,-2.86
0,weatherdotcom,bremen,2015-06-25 00:00:00,0,5.5,,,
0,weatherdotcom,bremen,2015-06-25 00:00:00,1,-5.5,,,
0,weatherdotcom,bremen,2015-06-25 00:00:00,2,-4.5,,,
0,weatherdotcom,bremen,2015-06-25 00:00:00,3,-3.5,,,
0,weatherdotcom,bremen,2015-06-25 00:00:00,4,-4.5,,,
0,weatherdotcom,bremen,2015-06-25 00:00:00,5,-3.5,,,
0,weatherdotcom,bremen,2015-06-25 00:00:00,6,-6.5,,,
0,accuweather,bremen,2015-06-26 00:00:00,0,,1.63333333333,0.0111111111111,0.16
0,accuweather,bremen,2015-06-26 00:00:00,1,,1.07777777778,1.67777777778,-0.07
0,accuweather,bremen,2015-06-26 00:00:00,2,,2.74444444444,2.23333333333,0.12
0,accuweather,bremen,2015-06-26 00:00:00,3,,5.52222222222,3.34444444444,0.05
0,accuweather,bremen,2015-06-26 00:00:00,4,,7.74444444444,6.12222222222,0.07
0,accuweather,bremen,2015-06-26 00:00:00,5,,7.18888888889,4.45555555556,0.06
0,accuweather,bremen,2015-06-26 00:00:00,6,,7.18888888889,4.45555555556,0.2
0,openweathermap,bremen,2015-06-26 00:00:00,0,-2.33,2.27,-0.18,-2.83
0,openweathermap,bremen,2015-06-26 00:00:00,1,-1.82,1.92,2.33,-0.33
0,openweathermap,bremen,2015-06-26 00:00:00,2,1.43,5.12,0.68,-2.44
0,openweathermap,bremen,2015-06-26 00:00:00,3,-1.02,3.58,0.87,-3.42
0,openweathermap,bremen,2015-06-26 00:00:00,4,3.86,8.29,6.23,-0.87
0,openweathermap,bremen,2015-06-26 00:00:00,5,0.54,5.14,3.46,-1.57
0,openweathermap,bremen,2015-06-26 00:00:00,6,-2.35,2.25,2.86,-0.56
0,weatherdotcom,bremen,2015-06-26 00:00:00,0,3.7,,,
0,weatherdotcom,bremen,2015-06-26 00:00:00,1,-4.3,,,
0,weatherdotcom,bremen,2015-06-26 00:00:00,2,-3.3,,,
0,weatherdotcom,bremen,2015-06-26 00:00:00,3,-4.3,,,
0,weatherdotcom,bremen,2015-06-26 00:00:00,4,-6.3,,,
0,weatherdotcom,bremen,2015-06-26 00:00:00,5,-6.3,,,
0,weatherdotcom,bremen,2015-06-26 00:00:00,6,-11.3,,,
0,accuweather,stuttgart,2015-06-21 00:00:00,0,,0.344444444444,1.0,4.78
0,accuweather,stuttgart,2015-06-21 00:00:00,1,,3.12222222222,1.0,4.74
0,accuweather,stuttgart,2015-06-21 00:00:00,2,,3.12222222222,2.11111111111,4.74
0,accuweather,stuttgart,2015-06-21 00:00:00,3,,2.56666666667,2.66666666667,4.8
0,accuweather,stuttgart,2015-06-21 00:00:00,4,,2.01111111111,2.11111111111,4.8
0,accuweather,stuttgart,2015-06-21 00:00:00,5,,-0.211111111111,2.11111111111,4.77
0,accuweather,stuttgart,2015-06-21 00:00:00,6,,-2.43333333333,-1.22222222222,4.73
0,openweathermap,stuttgart,2015-06-21 00:00:00,0,1.6,7.02,0.87,-5.54
0,openweathermap,stuttgart,2015-06-21 00:00:00,1,1.02,5.31,0.98,4.8
0,openweathermap,stuttgart,2015-06-21 00:00:00,2,2.36,4.58,-1.05,3.52
0,openweathermap,stuttgart,2015-06-21 00:00:00,3,-1.37,4.63,0.43,3.32
0,openweathermap,stuttgart,2015-06-21 00:00:00,4,0.23,6.03,-0.03,-1.34
0,openweathermap,stuttgart,2015-06-21 00:00:00,5,-0.4,4.64,1.84,3.03
0,openweathermap,stuttgart,2015-06-21 00:00:00,6,-4.22,1.78,-2.08,4.03
0,weatherdotcom,stuttgart,2015-06-21 00:00:00,0,3.9,,,
0,weatherdotcom,stuttgart,2015-06-21 00:00:00,1,-7.1,,,
0,weatherdotcom,stuttgart,2015-06-21 00:00:00,2,-4.1,,,
0,weatherdotcom,stuttgart,2015-06-21 00:00:00,3,-4.1,,,
0,weatherdotcom,stuttgart,2015-06-21 00:00:00,4,-7.1,,,
0,weatherdotcom,stuttgart,2015-06-21 00:00:00,5,-9.1,,,
0,weatherdotcom,stuttgart,2015-06-21 00:00:00,6,-12.1,,,
0,accuweather,stuttgart,2015-06-22 00:00:00,0,,-0.733333333333,3.16666666667,4.77
0,accuweather,stuttgart,2015-06-22 00:00:00,1,,-2.95555555556,1.5,4.98
0,accuweather,stuttgart,2015-06-22 00:00:00,2,,-3.51111111111,-0.722222222222,4.74
0,accuweather,stuttgart,2015-06-22 00:00:00,3,,-0.177777777778,2.61111111111,5.05
0,accuweather,stuttgart,2015-06-22 00:00:00,4,,-0.177777777778,3.16666666667,5.02
0,accuweather,stuttgart,2015-06-22 00:00:00,5,,-1.28888888889,2.61111111111,5.05
0,accuweather,stuttgart,2015-06-22 00:00:00,6,,-2.4,0.388888888889,4.77
0,openweathermap,stuttgart,2015-06-22 00:00:00,0,-2.21,0.75,0.01,2.13
0,openweathermap,stuttgart,2015-06-22 00:00:00,1,-2.02,-2.05,-0.55,0.4
0,openweathermap,stuttgart,2015-06-22 00:00:00,2,-0.77,-1.74,-0.13,-0.28
0,openweathermap,stuttgart,2015-06-22 00:00:00,3,-6.17,-4.72,-2.96,4.02
0,openweathermap,stuttgart,2015-06-22 00:00:00,4,-3.9,-2.0,-0.82,4.54
0,openweathermap,stuttgart,2015-06-22 00:00:00,5,-1.67,1.33,0.55,1.89
0,openweathermap,stuttgart,2015-06-22 00:00:00,6,-3.07,-0.07,0.75,4.1
0,weatherdotcom,stuttgart,2015-06-22 00:00:00,0,-0.4,,,
0,weatherdotcom,stuttgart,2015-06-22 00:00:00,1,-3.4,,,
0,weatherdotcom,stuttgart,2015-06-22 00:00:00,2,-3.4,,,
0,weatherdotcom,stuttgart,2015-06-22 00:00:00,3,-7.4,,,
0,weatherdotcom,stuttgart,2015-06-22 00:00:00,4,-10.4,,,
0,weatherdotcom,stuttgart,2015-06-22 00:00:00,5,-10.4,,,
0,weatherdotcom,stuttgart,2015-06-22 00:00:00,6,-10.4,,,
0,accuweather,stuttgart,2015-06-23 00:00:00,0,,-0.877777777778,1.62222222222,4.67
0,accuweather,stuttgart,2015-06-23 00:00:00,1,,-1.43333333333,1.06666666667,4.72
0,accuweather,stuttgart,2015-06-23 00:00:00,2,,-1.98888888889,-0.0444444444444,4.7
0,accuweather,stuttgart,2015-06-23 00:00:00,3,,-4.21111111111,-2.82222222222,4.72
0,accuweather,stuttgart,2015-06-23 00:00:00,4,,-4.76666666667,-2.26666666667,4.56
0,accuweather,stuttgart,2015-06-23 00:00:00,5,,-0.877777777778,1.06666666667,4.78
0,accuweather,stuttgart,2015-06-23 00:00:00,6,,-1.98888888889,-0.0444444444444,4.75
0,openweathermap,stuttgart,2015-06-23 00:00:00,0,0.96,5.66,-1.65,-1.58
0,openweathermap,stuttgart,2015-06-23 00:00:00,1,-6.41,-1.71,-1.15,-0.78
0,openweathermap,stuttgart,2015-06-23 00:00:00,2,-7.11,-2.41,-1.51,-1.27
0,openweathermap,stuttgart,2015-06-23 00:00:00,3,-9.2,-4.5,-1.39,1.28
0,openweathermap,stuttgart,2015-06-23 00:00:00,4,-9.18,-4.48,-4.77,3.6
0,openweathermap,stuttgart,2015-06-23 00:00:00,5,-12.84,-8.14,-6.95,3.47
0,openweathermap,stuttgart,2015-06-23 00:00:00,6,-6.42,-1.72,-0.52,4.31
0,weatherdotcom,stuttgart,2015-06-23 00:00:00,0,1.2,,,
0,weatherdotcom,stuttgart,2015-06-23 00:00:00,1,-5.8,,,
0,weatherdotcom,stuttgart,2015-06-23 00:00:00,2,-9.8,,,
0,weatherdotcom,stuttgart,2015-06-23 00:00:00,3,-12.8,,,
0,weatherdotcom,stuttgart,2015-06-23 00:00:00,4,-13.8,,,
0,weatherdotcom,stuttgart,2015-06-23 00:00:00,5,-10.8,,,
0,weatherdotcom,stuttgart,2015-06-23 00:00:00,6,-12.8,,,
0,accuweather,stuttgart,2015-06-24 00:00:00,0,,-0.811111111111,0.511111111111,0.0
0,accuweather,stuttgart,2015-06-24 00:00:00,1,,2.52222222222,1.62222222222,0.0
0,accuweather,stuttgart,2015-06-24 00:00:00,2,,3.07777777778,1.06666666667,0.0
0,accuweather,stuttgart,2015-06-24 00:00:00,3,,1.41111111111,-0.0444444444444,0.0
0,accuweather,stuttgart,2015-06-24 00:00:00,4,,0.3,1.06666666667,0.0
0,accuweather,stuttgart,2015-06-24 00:00:00,5,,-1.36666666667,-2.26666666667,-0.26
0,accuweather,stuttgart,2015-06-24 00:00:00,6,,-0.811111111111,-2.82222222222,0.0
0,openweathermap,stuttgart,2015-06-24 00:00:00,0,2.51,7.09,0.55,-7.57
0,openweathermap,stuttgart,2015-06-24 00:00:00,1,1.29,6.55,-1.03,-0.64
0,openweathermap,stuttgart,2015-06-24 00:00:00,2,2.45,6.34,-0.12,-3.48
0,openweathermap,stuttgart,2015-06-24 00:00:00,3,-0.25,4.46,1.35,-3.43
0,openweathermap,stuttgart,2015-06-24 00:00:00,4,-0.28,5.02,-1.3,-0.43
0,openweathermap,stuttgart,2015-06-24 00:00:00,5,-1.19,3.76,-1.66,-5.83
0,openweathermap,stuttgart,2015-06-24 00:00:00,6,-3.2,2.1,-3.66,-8.01
0,weatherdotcom,stuttgart,2015-06-24 00:00:00,0,3.0,,,
0,weatherdotcom,stuttgart,2015-06-24 00:00:00,1,-7.0,,,
0,weatherdotcom,stuttgart,2015-06-24 00:00:00,2,-9.0,,,
0,weatherdotcom,stuttgart,2015-06-24 00:00:00,3,-11.0,,,
0,weatherdotcom,stuttgart,2015-06-24 00:00:00,4,-7.0,,,
0,weatherdotcom,stuttgart,2015-06-24 00:00:00,5,-9.0,,,
0,weatherdotcom,stuttgart,2015-06-24 00:00:00,6,-12.0,,,
0,accuweather,stuttgart,2015-06-25 00:00:00,0,,0.766666666667,-0.811111111111,-0.04
0,accuweather,stuttgart,2015-06-25 00:00:00,1,,2.98888888889,1.41111111111,0.0
0,accuweather,stuttgart,2015-06-25 00:00:00,2,,2.43333333333,-0.811111111111,0.0
0,accuweather,stuttgart,2015-06-25 00:00:00,3,,6.87777777778,1.96666666667,0.0
0,accuweather,stuttgart,2015-06-25 00:00:00,4,,6.32222222222,0.855555555556,0.0
0,accuweather,stuttgart,2015-06-25 00:00:00,5,,4.1,1.96666666667,0.0
0,accuweather,stuttgart,2015-06-25 00:00:00,6,,1.32222222222,0.3,-0.02
0,openweathermap,stuttgart,2015-06-25 00:00:00,0,7.79,13.79,2.85,0.0
0,openweathermap,stuttgart,2015-06-25 00:00:00,1,-0.98,3.55,0.52,0.0
0,openweathermap,stuttgart,2015-06-25 00:00:00,2,-1.04,3.58,0.44,0.0
0,openweathermap,stuttgart,2015-06-25 00:00:00,3,-1.16,3.42,-0.15,0.0
0,openweathermap,stuttgart,2015-06-25 00:00:00,4,-1.33,4.38,0.57,0.0
0,openweathermap,stuttgart,2015-06-25 00:00:00,5,-1.24,4.38,0.58,0.0
0,openweathermap,stuttgart,2015-06-25 00:00:00,6,0.55,6.55,-0.75,-2.28
0,weatherdotcom,stuttgart,2015-06-25 00:00:00,0,6.1,,,
0,weatherdotcom,stuttgart,2015-06-25 00:00:00,1,-5.9,,,
0,weatherdotcom,stuttgart,2015-06-25 00:00:00,2,-7.9,,,
0,weatherdotcom,stuttgart,2015-06-25 00:00:00,3,-5.9,,,
0,weatherdotcom,stuttgart,2015-06-25 00:00:00,4,-5.9,,,
0,weatherdotcom,stuttgart,2015-06-25 00:00:00,5,-6.9,,,
0,weatherdotcom,stuttgart,2015-06-25 00:00:00,6,-8.9,,,
0,accuweather,stuttgart,2015-06-26 00:00:00,0,,0.388888888889,0.0222222222222,0.0
0,accuweather,stuttgart,2015-06-26 00:00:00,1,,3.16666666667,1.68888888889,0.0
0,accuweather,stuttgart,2015-06-26 00:00:00,2,,2.61111111111,0.0222222222222,-0.01
0,accuweather,stuttgart,2015-06-26 00:00:00,3,,4.83333333333,1.68888888889,-0.03
0,accuweather,stuttgart,2015-06-26 00:00:00,4,,7.05555555556,2.24444444444,-0.01
0,accuweather,stuttgart,2015-06-26 00:00:00,5,,8.72222222222,3.35555555556,0.0
0,accuweather,stuttgart,2015-06-26 00:00:00,6,,9.27777777778,4.46666666667,-0.45
0,openweathermap,stuttgart,2015-06-26 00:00:00,0,-0.58,5.42,1.54,0.0
0,openweathermap,stuttgart,2015-06-26 00:00:00,1,1.78,6.43,-0.01,0.0
0,openweathermap,stuttgart,2015-06-26 00:00:00,2,-1.77,4.23,-0.67,0.0
0,openweathermap,stuttgart,2015-06-26 00:00:00,3,-0.72,4.13,-2.88,-0.29
0,openweathermap,stuttgart,2015-06-26 00:00:00,4,-1.56,3.74,-0.28,0.0
0,openweathermap,stuttgart,2015-06-26 00:00:00,5,-2.21,3.79,1.16,-6.79
0,openweathermap,stuttgart,2015-06-26 00:00:00,6,-2.0,4.0,0.31,-0.41
0,weatherdotcom,stuttgart,2015-06-26 00:00:00,0,6.5,,,
0,weatherdotcom,stuttgart,2015-06-26 00:00:00,1,-6.5,,,
0,weatherdotcom,stuttgart,2015-06-26 00:00:00,2,-3.5,,,
0,weatherdotcom,stuttgart,2015-06-26 00:00:00,3,-3.5,,,
0,weatherdotcom,stuttgart,2015-06-26 00:00:00,4,-6.5,,,
0,weatherdotcom,stuttgart,2015-06-26 00:00:00,5,-8.5,,,
0,weatherdotcom,stuttgart,2015-06-26 00:00:00,6,-11.5,,,
